<ImportExportXml xmlns:xsi="http://www.w3.org/2001/XMLSchema-instance">
  <Entities></Entities>
  <Roles></Roles>
  <Workflows></Workflows>
  <FieldSecurityProfiles></FieldSecurityProfiles>
  <Templates />
  <EntityMaps />
  <EntityRelationships />
  <OrganizationSettings />
  <optionsets />
  <CustomControls />
  <EntityDataProviders />
  <CanvasApps>
    <CanvasApp>
      <Name>crf80_policyapprovalsharonscopy_6456a</Name>
      <AppVersion>2022-11-17T14:56:30Z</AppVersion>
      <Status>Ready</Status>
      <CreatedByClientVersion>3.22105.21.0</CreatedByClientVersion>
      <MinClientVersion>3.22105.21.0</MinClientVersion>
      <Tags>{"primaryDeviceWidth":"2491","primaryDeviceHeight":"1093","supportsPortrait":"true","supportsLandscape":"true","primaryFormFactor":"Tablet","publisherVersion":"3.22105.21","minimumRequiredApiVersion":"2.2.0","hasComponent":"false","hasUnlockedComponent":"false","isUnifiedRootApp":"false","sienaVersion":"20221116T230108Z-3.22105.21.0"}</Tags>
      <IsCdsUpgraded>0</IsCdsUpgraded>
      <GalleryItemId xsi:nil="true"></GalleryItemId>
      <BackgroundColor>rgba(127, 178, 57, 1)</BackgroundColor>
      <DisplayName>Policy Approval - Sharon's Copy</DisplayName>
      <Description>Submit a policy document through an approval workflow.</Description>
      <CommitMessage xsi:nil="true"></CommitMessage>
      <Publisher xsi:nil="true"></Publisher>
      <AuthorizationReferences>[]</AuthorizationReferences>
      <ConnectionReferences>{"d6c0f56a-43c6-4173-9c71-9da7f58f449e":{"id":"/providers/microsoft.powerapps/apis/shared_sharepointonline","displayName":"SharePoint","iconUri":"https://connectoricons-prod.azureedge.net/releases/v1.0.1610-greyhound-localization-RelayFix/1.0.1610.3091/sharepointonline/icon.png","dataSources":["Documents","SiteToolsList"],"dependencies":[],"dependents":[],"parameterHints":{},"parameterHintsV2":{},"isOnPremiseConnection":false,"bypassConsent":false,"dataSets":{"https://gov000562.sharepoint.com/sites/Team1":{"dataSources":{"Documents":{"tableName":"f4015e64-9ea1-434a-a6d2-f2fa96c1187b"},"SiteToolsList":{"tableName":"fefd17be-dab1-4b02-a682-2939232fdaeb"}}}},"apiTier":"Standard","actions":["providers/PowerPlatform.Governance/Operations/Read","providers/PowerPlatform.Governance/Operations/Write"]},"bba2cac5-f677-471f-bdb2-0fc74e970073":{"id":"/providers/microsoft.powerapps/apis/shared_office365users","displayName":"Office 365 Users","iconUri":"https://connectoricons-prod.azureedge.net/releases/v1.0.1593/1.0.1593.2980/office365users/icon.png","dataSources":["Office365Users"],"dependencies":[],"dependents":[],"parameterHints":{},"parameterHintsV2":{},"isOnPremiseConnection":false,"bypassConsent":false,"dataSets":{},"apiTier":"Standard","actions":["Manager_V2","MyProfile_V2","SearchUserV2"]},"823219ce-31cd-4cdb-86b9-20787b292e59":{"id":"/providers/microsoft.powerapps/apis/shared_logicflows","displayName":"Logic flows","iconUri":"https://connectoricons-prod.azureedge.net/releases/v1.0.1534/1.0.1534.2605/logicflows/icon.png","dataSources":["DocumentUploadforCoffeeAndEmpanadas"],"dependencies":["04c1793a-d239-4298-927c-d1c3ed457f23"],"dependents":[],"parameterHints":{"workflowName":{"value":"04b0322e-1e7d-48ce-9b60-dcd29f369f0a"},"workflowEntityId":{"value":"e3b62d90-6164-ed11-9562-001dd80715ac"},"04c1793a-d239-4298-927c-d1c3ed457f23":{"value":"shared_sharepointonline"}},"parameterHintsV2":{"workflowName":{"value":"04b0322e-1e7d-48ce-9b60-dcd29f369f0a"},"workflowEntityId":{"value":"e3b62d90-6164-ed11-9562-001dd80715ac"},"shared_sharepointonline":{"value":"04c1793a-d239-4298-927c-d1c3ed457f23"}},"isOnPremiseConnection":false,"bypassConsent":false,"dataSets":{},"apiTier":"Standard","actions":["Run"]},"04c1793a-d239-4298-927c-d1c3ed457f23":{"id":"/providers/microsoft.powerapps/apis/shared_sharepointonline","displayName":"SharePoint","iconUri":"https://connectoricons-prod.azureedge.net/releases/v1.0.1610-greyhound-localization-RelayFix/1.0.1610.3091/sharepointonline/icon.png","dataSources":[],"dependencies":[],"dependents":["823219ce-31cd-4cdb-86b9-20787b292e59"],"parameterHints":{},"parameterHintsV2":{},"isOnPremiseConnection":false,"bypassConsent":false,"dataSets":{},"apiTier":"Standard","actions":["providers/PowerPlatform.Governance/Operations/Read","providers/PowerPlatform.Governance/Operations/Write"]}}</ConnectionReferences>
      <DatabaseReferences>{"default.cds":{"databaseDetails":{"referenceType":"Environmental","environmentName":"default.cds","overrideValues":{"status":"NotSpecified"}},"dataSources":{"ApprovalItems":{"entitySetName":"crf80_approvalitemses","logicalName":"crf80_approvalitems"},"Decisions":{"entitySetName":"crf80_approvalses","logicalName":"crf80_approvals"}}}}</DatabaseReferences>
      <AppComponents>[]</AppComponents>
      <AppComponentDependencies>[]</AppComponentDependencies>
      <CanConsumeAppPass>1</CanConsumeAppPass>
      <CanvasAppType>0</CanvasAppType>
      <BypassConsent>0</BypassConsent>
      <AdminControlBypassConsent>0</AdminControlBypassConsent>
      <EmbeddedApp xsi:nil="true"></EmbeddedApp>
      <IntroducedVersion>1.0</IntroducedVersion>
      <CdsDependencies>{"cdsdependencies":[{"dependencyid":"e3b62d90-6164-ed11-9562-001dd80715ac","componenttype":29,"componenttypeplatformname":"Workflow"},{"logicalname":"crf80_approvalitems","componenttype":1},{"logicalname":"crf80_approvals","componenttype":1}]}</CdsDependencies>
      <IsCustomizable>1</IsCustomizable>
      <BackgroundImageUri>/CanvasApps/crf80_policyapprovalsharonscopy_6456a_BackgroundImageUri</BackgroundImageUri>
      <DocumentUri>/CanvasApps/crf80_policyapprovalsharonscopy_6456a_DocumentUri.msapp</DocumentUri>
    </CanvasApp>
  </CanvasApps>
  <Languages>
    <Language>1033</Language>
  </Languages>
</ImportExportXml>