<ImportExportXml version="9.2.22104.228" SolutionPackageVersion="9.2" languagecode="1033" generatedBy="CrmLive" xmlns:xsi="http://www.w3.org/2001/XMLSchema-instance">
  <SolutionManifest>
    <UniqueName>ExportComponents5a955948e80d4344a8d9bcaf51b9e173</UniqueName>
    <LocalizedNames>
      <LocalizedName description="ExportComponents5a955948e80d4344a8d9bcaf51b9e173" languagecode="1033" />
    </LocalizedNames>
    <Descriptions />
    <Version>1.0</Version>
    <Managed>0</Managed>
    <Publisher>
      <UniqueName>Crd966e</UniqueName>
      <LocalizedNames>
        <LocalizedName description="CDS Default Publisher" languagecode="1033" />
      </LocalizedNames>
      <Descriptions />
      <EMailAddress xsi:nil="true"></EMailAddress>
      <SupportingWebsiteUrl xsi:nil="true"></SupportingWebsiteUrl>
      <CustomizationPrefix>crf80</CustomizationPrefix>
      <CustomizationOptionValuePrefix>44949</CustomizationOptionValuePrefix>
    </Publisher>
    <RootComponents>
      <RootComponent type="300" schemaName="crf80_policyapproval_8de6d" behavior="0" />
    </RootComponents>
    <MissingDependencies>
      <MissingDependency>
        <Required type="1" schemaName="crf80_approvalitems" displayName="ApprovalItems" solution="Active" />
        <Dependent type="300" schemaName="crf80_policyapproval_8de6d" displayName="Policy Approval" />
      </MissingDependency>
      <MissingDependency>
        <Required type="1" schemaName="crf80_approvals" displayName="Decisions" solution="Active" />
        <Dependent type="300" schemaName="crf80_policyapproval_8de6d" displayName="Policy Approval" />
      </MissingDependency>
      <MissingDependency>
        <Required type="29" displayName="DocumentUploadforCoffeeAndEmpanadas" solution="Active" id="{e3b62d90-6164-ed11-9562-001dd80715ac}" />
        <Dependent type="300" schemaName="crf80_policyapproval_8de6d" displayName="Policy Approval" />
      </MissingDependency>
    </MissingDependencies>
  </SolutionManifest>
</ImportExportXml>