<ImportExportXml version="9.2.22104.228" SolutionPackageVersion="9.2" languagecode="1033" generatedBy="CrmLive" xmlns:xsi="http://www.w3.org/2001/XMLSchema-instance">
  <SolutionManifest>
    <UniqueName>ExportComponents62e57f41ced646eea381dfa17418cda0</UniqueName>
    <LocalizedNames>
      <LocalizedName description="ExportComponents62e57f41ced646eea381dfa17418cda0" languagecode="1033" />
    </LocalizedNames>
    <Descriptions />
    <Version>1.0</Version>
    <Managed>0</Managed>
    <Publisher>
      <UniqueName>Crd966e</UniqueName>
      <LocalizedNames>
        <LocalizedName description="CDS Default Publisher" languagecode="1033" />
      </LocalizedNames>
      <Descriptions />
      <EMailAddress xsi:nil="true"></EMailAddress>
      <SupportingWebsiteUrl xsi:nil="true"></SupportingWebsiteUrl>
      <CustomizationPrefix>crf80</CustomizationPrefix>
      <CustomizationOptionValuePrefix>44949</CustomizationOptionValuePrefix>
    </Publisher>
    <RootComponents>
      <RootComponent type="29" id="{1dc6fd21-cc65-ed11-9562-001dd80715ac}" behavior="0" />
      <RootComponent type="29" id="{84bd3a66-c765-ed11-9562-001dd80715ac}" behavior="0" />
      <RootComponent type="29" id="{e3b62d90-6164-ed11-9562-001dd80715ac}" behavior="0" />
    </RootComponents>
    <MissingDependencies>
      <MissingDependency>
        <Required type="1" schemaName="crf80_approvalitems" displayName="ApprovalItems" solution="Active" />
        <Dependent type="29" displayName="Manager Approval" id="{1dc6fd21-cc65-ed11-9562-001dd80715ac}" />
      </MissingDependency>
      <MissingDependency>
        <Required type="1" schemaName="crf80_approvalitems" displayName="ApprovalItems" solution="Active" />
        <Dependent type="29" displayName="SharonFlow" id="{84bd3a66-c765-ed11-9562-001dd80715ac}" />
      </MissingDependency>
      <MissingDependency>
        <Required type="1" schemaName="crf80_approvals" displayName="Decisions" solution="Active" />
        <Dependent type="29" displayName="Manager Approval" id="{1dc6fd21-cc65-ed11-9562-001dd80715ac}" />
      </MissingDependency>
      <MissingDependency>
        <Required type="connectionreference" displayName="crf80_sharedapprovals_5e1b5" solution="Active" id.connectionreferencelogicalname="crf80_sharedapprovals_5e1b5" />
        <Dependent type="29" displayName="SharonFlow" id="{84bd3a66-c765-ed11-9562-001dd80715ac}" />
      </MissingDependency>
      <MissingDependency>
        <Required type="connectionreference" displayName="crf80_sharedapprovals_637f9" solution="Active" id.connectionreferencelogicalname="crf80_sharedapprovals_637f9" />
        <Dependent type="29" displayName="Manager Approval" id="{1dc6fd21-cc65-ed11-9562-001dd80715ac}" />
      </MissingDependency>
      <MissingDependency>
        <Required type="connectionreference" displayName="crf80_sharedcommondataserviceforapps_09cd3" solution="Active" id.connectionreferencelogicalname="crf80_sharedcommondataserviceforapps_09cd3" />
        <Dependent type="29" displayName="SharonFlow" id="{84bd3a66-c765-ed11-9562-001dd80715ac}" />
      </MissingDependency>
      <MissingDependency>
        <Required type="connectionreference" displayName="crf80_sharedcommondataserviceforapps_723ac" solution="Active" id.connectionreferencelogicalname="crf80_sharedcommondataserviceforapps_723ac" />
        <Dependent type="29" displayName="Manager Approval" id="{1dc6fd21-cc65-ed11-9562-001dd80715ac}" />
      </MissingDependency>
      <MissingDependency>
        <Required type="connectionreference" displayName="crf80_sharedoffice365users_8f538" solution="Active" id.connectionreferencelogicalname="crf80_sharedoffice365users_8f538" />
        <Dependent type="29" displayName="SharonFlow" id="{84bd3a66-c765-ed11-9562-001dd80715ac}" />
      </MissingDependency>
      <MissingDependency>
        <Required type="connectionreference" displayName="crf80_sharedoffice365users_b6557" solution="Active" id.connectionreferencelogicalname="crf80_sharedoffice365users_b6557" />
        <Dependent type="29" displayName="Manager Approval" id="{1dc6fd21-cc65-ed11-9562-001dd80715ac}" />
      </MissingDependency>
      <MissingDependency>
        <Required type="connectionreference" displayName="crf80_sharedsharepointonline_a3d4c" solution="Active" id.connectionreferencelogicalname="crf80_sharedsharepointonline_a3d4c" />
        <Dependent type="29" displayName="DocumentUploadforCoffeeAndEmpanadas" id="{e3b62d90-6164-ed11-9562-001dd80715ac}" />
      </MissingDependency>
    </MissingDependencies>
  </SolutionManifest>
</ImportExportXml>