{
  "properties": {
    "connectionReferences": {
      "shared_commondataserviceforapps": {
        "runtimeSource": "embedded",
        "connection": {
          "connectionReferenceLogicalName": "crf80_sharedcommondataserviceforapps_723ac"
        },
        "api": {
          "name": "shared_commondataserviceforapps"
        }
      },
      "shared_office365users": {
        "runtimeSource": "embedded",
        "connection": {
          "connectionReferenceLogicalName": "crf80_sharedoffice365users_b6557"
        },
        "api": {
          "name": "shared_office365users"
        }
      },
      "shared_approvals": {
        "runtimeSource": "embedded",
        "connection": {
          "connectionReferenceLogicalName": "crf80_sharedapprovals_637f9"
        },
        "api": {
          "name": "shared_approvals"
        }
      }
    },
    "definition": {
      "$schema": "https://schema.management.azure.com/providers/Microsoft.Logic/schemas/2016-06-01/workflowdefinition.json#",
      "contentVersion": "1.0.0.0",
      "parameters": {
        "$connections": {
          "defaultValue": {},
          "type": "Object"
        },
        "$authentication": {
          "defaultValue": {},
          "type": "SecureObject"
        }
      },
      "triggers": {
        "When_a_row_is_added,_modified_or_deleted": {
          "metadata": {
            "operationMetadataId": "250012e8-5e60-4e29-8a04-770f5deeaefc"
          },
          "type": "OpenApiConnectionWebhook",
          "inputs": {
            "host": {
              "connectionName": "shared_commondataserviceforapps",
              "operationId": "SubscribeWebhookTrigger",
              "apiId": "/providers/Microsoft.PowerApps/apis/shared_commondataserviceforapps"
            },
            "parameters": {
              "subscriptionRequest/message": 1,
              "subscriptionRequest/entityname": "crf80_approvalitems",
              "subscriptionRequest/scope": 4
            },
            "authentication": "@parameters('$authentication')"
          }
        }
      },
      "actions": {
        "List_rows": {
          "runAfter": {},
          "metadata": {
            "operationMetadataId": "c6dd84c4-67d9-46f9-8243-ac637966fb75"
          },
          "type": "OpenApiConnection",
          "inputs": {
            "host": {
              "connectionName": "shared_commondataserviceforapps",
              "operationId": "ListRecords",
              "apiId": "/providers/Microsoft.PowerApps/apis/shared_commondataserviceforapps"
            },
            "parameters": {
              "entityName": "crf80_approvalses",
              "$select": "crf80_approveremail",
              "$filter": "crf80_step eq 1 and crf80_requestid eq @{triggerOutputs()?['body/crf80_requestid']}"
            },
            "authentication": "@parameters('$authentication')"
          }
        },
        "Compose": {
          "runAfter": {
            "List_rows": [
              "Succeeded"
            ]
          },
          "metadata": {
            "operationMetadataId": "e6aba3eb-e851-4e40-a8fb-8ed5b29fda8b"
          },
          "type": "Compose",
          "inputs": "@outputs('List_rows')?['body/value']"
        },
        "Get_manager_(V2)": {
          "runAfter": {
            "Compose": [
              "Succeeded"
            ]
          },
          "metadata": {
            "operationMetadataId": "089fd68d-3d8c-479e-9c78-b4465da6ae04"
          },
          "type": "OpenApiConnection",
          "inputs": {
            "host": {
              "connectionName": "shared_office365users",
              "operationId": "Manager_V2",
              "apiId": "/providers/Microsoft.PowerApps/apis/shared_office365users"
            },
            "parameters": {
              "id": "@triggerOutputs()?['body/crf80_submitter']"
            },
            "authentication": "@parameters('$authentication')"
          }
        },
        "Start_and_wait_for_an_approval": {
          "runAfter": {
            "Get_manager_(V2)": [
              "Succeeded"
            ]
          },
          "metadata": {
            "operationMetadataId": "660f3502-4d1f-4ae9-90bf-fe1d42949d00"
          },
          "type": "OpenApiConnectionWebhook",
          "inputs": {
            "host": {
              "connectionName": "shared_approvals",
              "operationId": "StartAndWaitForAnApproval",
              "apiId": "/providers/Microsoft.PowerApps/apis/shared_approvals"
            },
            "parameters": {
              "approvalType": "Basic",
              "WebhookApprovalCreationInput/title": "Manager Approval for policy document @{triggerOutputs()?['body/crf80_name']}",
              "WebhookApprovalCreationInput/assignedTo": "@{outputs('Get_manager_(V2)')?['body/mail']};",
              "WebhookApprovalCreationInput/itemLink": "@triggerOutputs()?['body/crf80_documentlink']",
              "WebhookApprovalCreationInput/enableNotifications": true,
              "WebhookApprovalCreationInput/enableReassignment": true
            },
            "authentication": "@parameters('$authentication')"
          }
        },
        "Condition": {
          "actions": {
            "Update_a_row": {
              "runAfter": {},
              "metadata": {
                "operationMetadataId": "ef3de7a9-55b2-4525-88d8-fd5e3e9bbb21"
              },
              "type": "OpenApiConnection",
              "inputs": {
                "host": {
                  "connectionName": "shared_commondataserviceforapps",
                  "operationId": "UpdateRecord",
                  "apiId": "/providers/Microsoft.PowerApps/apis/shared_commondataserviceforapps"
                },
                "parameters": {
                  "entityName": "crf80_approvalses",
                  "recordId": "@first(outputs('List_rows')?['body/value'])?['crf80_approvalsid']",
                  "item/crf80_datedecided": "@outputs('Start_and_wait_for_an_approval')?['body/completionDate']",
                  "item/crf80_decision": 1
                },
                "authentication": "@parameters('$authentication')"
              }
            },
            "Update_a_row_3": {
              "runAfter": {
                "Update_a_row": [
                  "Succeeded"
                ]
              },
              "metadata": {
                "operationMetadataId": "ad0a1092-330e-435e-affc-0a1c53bebd95"
              },
              "type": "OpenApiConnection",
              "inputs": {
                "host": {
                  "connectionName": "shared_commondataserviceforapps",
                  "operationId": "UpdateRecord",
                  "apiId": "/providers/Microsoft.PowerApps/apis/shared_commondataserviceforapps"
                },
                "parameters": {
                  "entityName": "crf80_approvalitemses",
                  "recordId": "@triggerOutputs()?['body/crf80_approvalitemsid']",
                  "item/crf80_finalapprovalstatus": "@if(equals(triggerOutputs()?['body/crf80_numberofapprovers'], 1), 'Approved','')",
                  "item/crf80_stepcompleted": 1
                },
                "authentication": "@parameters('$authentication')"
              }
            }
          },
          "runAfter": {
            "Start_and_wait_for_an_approval": [
              "Succeeded"
            ]
          },
          "else": {
            "actions": {
              "Update_a_row_2": {
                "runAfter": {},
                "metadata": {
                  "operationMetadataId": "5f4eb57c-2d37-4b03-93f7-9426c58ff8b4"
                },
                "type": "OpenApiConnection",
                "inputs": {
                  "host": {
                    "connectionName": "shared_commondataserviceforapps",
                    "operationId": "UpdateRecord",
                    "apiId": "/providers/Microsoft.PowerApps/apis/shared_commondataserviceforapps"
                  },
                  "parameters": {
                    "entityName": "crf80_approvalses",
                    "recordId": "@first(outputs('List_rows')?['body/value'])?['crf80_approvalsid']",
                    "item/crf80_datedecided": "@outputs('Start_and_wait_for_an_approval')?['body/completionDate']",
                    "item/crf80_decision": 0
                  },
                  "authentication": "@parameters('$authentication')"
                }
              },
              "Update_a_row_4": {
                "runAfter": {
                  "Update_a_row_2": [
                    "Succeeded"
                  ]
                },
                "metadata": {
                  "operationMetadataId": "cc00e305-0366-446c-9012-cd74698361fb"
                },
                "type": "OpenApiConnection",
                "inputs": {
                  "host": {
                    "connectionName": "shared_commondataserviceforapps",
                    "operationId": "UpdateRecord",
                    "apiId": "/providers/Microsoft.PowerApps/apis/shared_commondataserviceforapps"
                  },
                  "parameters": {
                    "entityName": "crf80_approvalitemses",
                    "recordId": "@triggerOutputs()?['body/crf80_approvalitemsid']",
                    "item/crf80_finalapprovalstatus": "@if(equals(triggerOutputs()?['body/crf80_numberofapprovers'], 1), 'Rejected','')",
                    "item/crf80_stepcompleted": 1
                  },
                  "authentication": "@parameters('$authentication')"
                }
              }
            }
          },
          "expression": {
            "equals": [
              "@outputs('Start_and_wait_for_an_approval')?['body/outcome']",
              "Approve"
            ]
          },
          "metadata": {
            "operationMetadataId": "78ed9705-0f63-4c81-a770-eac4a282a2fd"
          },
          "type": "If"
        }
      }
    },
    "templateName": ""
  },
  "schemaVersion": "1.0.0.0"
}