<ImportExportXml version="9.2.22104.228" SolutionPackageVersion="9.2" languagecode="1033" generatedBy="CrmLive" xmlns:xsi="http://www.w3.org/2001/XMLSchema-instance">
  <SolutionManifest>
    <UniqueName>ExportComponentsc683645f110e4c11b4bcc372a567d7b9</UniqueName>
    <LocalizedNames>
      <LocalizedName description="ExportComponentsc683645f110e4c11b4bcc372a567d7b9" languagecode="1033" />
    </LocalizedNames>
    <Descriptions />
    <Version>1.0</Version>
    <Managed>0</Managed>
    <Publisher>
      <UniqueName>Crd966e</UniqueName>
      <LocalizedNames>
        <LocalizedName description="CDS Default Publisher" languagecode="1033" />
      </LocalizedNames>
      <Descriptions />
      <EMailAddress xsi:nil="true"></EMailAddress>
      <SupportingWebsiteUrl xsi:nil="true"></SupportingWebsiteUrl>
      <CustomizationPrefix>crf80</CustomizationPrefix>
      <CustomizationOptionValuePrefix>44949</CustomizationOptionValuePrefix>
    </Publisher>
    <RootComponents>
      <RootComponent type="1" schemaName="crf80_approvalitems" behavior="0" />
      <RootComponent type="1" schemaName="crf80_approvals" behavior="0" />
      <RootComponent type="9" schemaName="crf80_approvaldecisions" behavior="0" />
    </RootComponents>
    <MissingDependencies />
  </SolutionManifest>
</ImportExportXml>